firstName,lastName,email,address1,address2,city,state,zip,mobilePhone,businessPhone,companyName,jobTitle
Ugo,Sampey,usampey0@technorati.com,5701 Glacier Hill Plaza,18th Floor,Chattanooga,Tennessee,37450,423-195-3778,315-713-7384,Dabvine,Automation Specialist IV
Emelyne,Lackeye,elackeye1@virginia.edu,217 North Circle,Suite 89,Philadelphia,Pennsylvania,19109,610-953-3951,615-349-3575,Demimbu,Cost Accountant
Dalila,January 1st,djanuaryst2@flavors.me,19434 Esch Alley,Apt 1405,Dallas,Texas,75367,214-460-9669,615-323-2538,Dabvine,Help Desk Operator
Birk,McWilliams,bmcwilliams3@wordpress.com,8 Shasta Alley,PO Box 12927,Ann Arbor,Michigan,48107,734-531-4454,317-310-1478,Topiczoom,Director of Sales
Jessalyn,Danielczyk,jdanielczyk4@cargocollective.com,50 Luster Street,19th Floor,Modesto,California,95397,209-977-0172,813-553-7952,Kayveo,Data Coordinator
Millie,Coutthart,mcoutthart5@nba.com,9 Annamark Drive,Apt 1544,Saint Joseph,Missouri,64504,816-529-1578,608-496-1012,Dabvine,Nurse
Audra,Formilli,aformilli6@elegantthemes.com,477 Amoth Hill,Room 503,Evansville,Indiana,47737,812-710-3759,917-892-8208,Janyx,Business Systems Development Analyst
Uri,Solman,usolman7@nbcnews.com,740 Mitchell Court,Room 221,Roanoke,Virginia,24029,540-413-3495,971-515-0684,Ooba,Programmer Analyst I
Jeffry,Kittley,jkittley8@ustream.tv,9677 Loeprich Plaza,PO Box 66483,Maple Plain,Minnesota,55579,952-325-6210,803-136-1340,Gabtype,Information Systems Manager
Shanie,Bate,sbate9@squarespace.com,7 Hovde Circle,Room 340,Colorado Springs,Colorado,80930,719-621-9185,305-282-4551,Divape,Software Test Engineer II
Theodora,Powder,tpowdera@naver.com,5700 Hoard Terrace,Suite 53,Atlanta,Georgia,30351,404-602-8599,916-687-8941,Tagopia,Recruiting Manager
Taite,Brinkley,tbrinkleyb@blogtalkradio.com,40 Lawn Center,19th Floor,Oklahoma City,Oklahoma,73114,405-334-7829,251-564-0920,Mudo,Biostatistician I
Suellen,Perrone,sperronec@acquirethisname.com,81 Portage Court,PO Box 95914,Dayton,Ohio,45440,937-730-4579,214-175-0754,Skalith,Internal Auditor
Kippy,Orthmann,korthmannd@patch.com,9119 Anhalt Circle,PO Box 81452,Wilmington,Delaware,19886,302-947-2402,202-397-3108,Yata,Safety Technician II
Ermentrude,Wanjek,ewanjeke@mail.ru,23783 Forest Dale Circle,PO Box 86084,Richmond,Virginia,23228,804-166-0722,949-685-9938,Realbridge,Recruiting Manager
Iver,Andrejevic,iandrejevicf@army.mil,1 Monument Point,PO Box 41132,Wilmington,Delaware,19892,302-743-0104,559-852-2844,Roombo,Junior Executive
Trstram,Ratnege,tratnegeg@illinois.edu,3 South Crossing,Apt 1863,Suffolk,Virginia,23436,757-154-3859,603-264-9720,Youtags,Analyst Programmer
Celestina,Arnaudi,carnaudih@pagesperso-orange.fr,0 Brown Street,PO Box 78966,Santa Cruz,California,95064,831-264-5336,205-602-4957,Quimm,Desktop Support Technician
Erie,Torrisi,etorrisii@123-reg.co.uk,24393 Mccormick Trail,PO Box 16090,Ocala,Florida,34474,352-725-9640,714-197-3837,Plajo,Assistant Professor
Read,Tabourel,rtabourelj@about.me,22 Dovetail Alley,5th Floor,San Francisco,California,94159,415-749-8275,405-592-4794,Reallinks,Administrative Officer
Orson,Manske,omanskek@home.pl,9 Boyd Avenue,11th Floor,Sacramento,California,94291,916-118-1897,415-594-6843,Shufflebeat,Nuclear Power Engineer
Georg,Barden,gbardenl@economist.com,379 Weeping Birch Way,Room 1486,Springfield,Virginia,22156,571-378-4908,651-439-8881,Zoomlounge,Tax Accountant
Darbie,Derry,dderrym@telegraph.co.uk,92 Bobwhite Way,Room 1957,Tyler,Texas,75705,903-572-0196,504-484-6285,Pixonyx,Statistician I
Berry,Weadick,bweadickn@webnode.com,72 Truax Terrace,Apt 1547,Fort Worth,Texas,76121,817-465-9796,816-691-5930,InnoZ,Quality Control Specialist
Bruce,Tudhope,btudhopeo@buzzfeed.com,466 Anniversary Junction,PO Box 56579,Boise,Idaho,83732,208-820-4628,478-145-0371,Wikizz,Help Desk Operator
Sayers,Dearnaly,sdearnalyp@weather.com,22 Talmadge Way,18th Floor,London,Kentucky,40745,606-906-9184,408-941-1243,Gabspot,Nuclear Power Engineer
Fabiano,Sutor,fsutorq@ebay.co.uk,2164 Basil Drive,Room 1656,Birmingham,Alabama,35215,205-559-3451,330-448-4500,Skinte,Analog Circuit Design manager
Lorant,Scole,lscoler@livejournal.com,59250 Corben Crossing,15th Floor,Portsmouth,Virginia,23705,757-389-2788,714-872-6363,Meetz,Software Consultant
Prue,Cromarty,pcromartys@google.es,5 Summerview Pass,Suite 21,Austin,Texas,78754,512-845-1502,915-517-0626,Browsedrive,Senior Quality Engineer
Kleon,Fontell,kfontellt@plala.or.jp,1010 Judy Plaza,Room 1968,New Brunswick,New Jersey,8922,732-425-9800,502-885-5659,Eare,Nuclear Power Engineer
Koren,Pegden,kpegdenu@tinyurl.com,404 Hollow Ridge Parkway,Suite 81,San Francisco,California,94154,415-749-1094,615-605-8020,Katz,Design Engineer
Maurine,Seary,msearyv@163.com,22933 Lerdahl Alley,Apt 1567,Tampa,Florida,33694,813-728-3888,312-607-6032,Jabberbean,VP Quality Control
Homere,Gainsburgh,hgainsburghw@about.com,32 Cascade Drive,Suite 43,Portland,Oregon,97221,503-974-5430,937-989-2764,Oloo,Database Administrator IV
Keane,Vossing,kvossingx@cdc.gov,3657 Victoria Street,PO Box 70279,Orlando,Florida,32819,321-925-5904,912-361-4899,Yodo,Actuary
Dex,Jellyman,djellymany@domainmarket.com,71 Gina Pass,12th Floor,Charleston,South Carolina,29416,843-734-9649,806-455-5340,Ooba,Environmental Tech
Dagny,Caberas,dcaberasz@google.pl,952 Fulton Alley,Suite 39,Amarillo,Texas,79118,806-476-1095,231-811-5375,Eare,Administrative Officer
Adriane,Braybrooke,abraybrooke10@merriam-webster.com,00071 Del Mar Point,Apt 1249,Sarasota,Florida,34276,941-601-5555,405-535-9979,Flashpoint,Office Assistant I
Carroll,Walthew,cwalthew11@noaa.gov,45 Quincy Parkway,Apt 63,Murfreesboro,Tennessee,37131,615-588-7536,941-382-9826,Skidoo,Product Engineer
Antin,Harriman,aharriman12@cocolog-nifty.com,96319 Jenifer Street,PO Box 67434,Glendale,Arizona,85305,623-239-5056,716-516-9605,Meezzy,Media Manager I
Zared,Hammerberg,zhammerberg13@dot.gov,770 Atwood Crossing,18th Floor,Tulsa,Oklahoma,74149,918-722-3863,515-879-2276,Divavu,Electrical Engineer
Lothaire,Speeding,lspeeding14@miibeian.gov.cn,3563 Grasskamp Road,Apt 365,Terre Haute,Indiana,47812,812-404-3008,212-157-4646,Flashspan,Internal Auditor
Genni,Eustis,geustis15@arstechnica.com,81254 Miller Circle,Suite 79,Billings,Montana,59105,406-179-5881,469-776-0807,Rhybox,VP Product Management
Carry,Breen,cbreen16@pbs.org,418 Prentice Junction,Suite 97,Jacksonville,Florida,32204,904-849-9254,813-699-0255,Topicshots,Research Associate
Ashly,Hyam,ahyam17@netlog.com,8469 Schmedeman Alley,Apt 690,Grand Rapids,Michigan,49510,616-268-8037,916-978-0540,Jaxspan,Software Test Engineer III
Rosco,Normington,rnormington18@phpbb.com,468 Marquette Lane,PO Box 72938,Southfield,Michigan,48076,734-962-5498,561-599-9965,Skyble,Assistant Professor
Tasha,Haglington,thaglington19@surveymonkey.com,432 Lakeland Pass,Room 467,Dayton,Ohio,45454,937-961-6110,513-826-5291,Kazu,Environmental Specialist
Hatti,Moughtin,hmoughtin1a@artisteer.com,841 Mitchell Place,Apt 41,Elmira,New York,14905,607-360-2799,701-977-3818,Lajo,Marketing Assistant
Jenna,Pinder,jpinder1b@eepurl.com,9741 Kipling Point,Suite 2,Saint Cloud,Minnesota,56398,320-779-6269,484-451-5961,Plambee,Budget/Accounting Analyst IV
Violante,Colerick,vcolerick1c@pen.io,75 Pennsylvania Trail,Suite 49,Seattle,Washington,98104,360-252-9071,502-346-8782,Buzzdog,Speech Pathologist
Danella,Hawsby,dhawsby1d@wired.com,3 Corry Center,Room 1132,Cincinnati,Ohio,45243,513-845-1330,415-820-7658,Skynoodle,Senior Developer
Hedy,Richardin,hrichardin1e@loc.gov,150 Oak Point,8th Floor,Tuscaloosa,Alabama,35405,205-250-5801,303-833-5654,Jabbercube,Research Nurse
Aubrey,Cayser,acayser1f@dropbox.com,2385 Dunning Drive,Suite 5,Virginia Beach,Virginia,23459,757-398-8976,909-854-8765,Gevee,Actuary
Francoise,Heijne,fheijne1g@mlb.com,377 Novick Road,PO Box 48555,Fort Myers,Florida,33994,239-198-4766,434-201-7826,Thoughtstorm,Office Assistant IV
Juliana,Charlwood,jcharlwood1h@histats.com,1637 Waxwing Road,Apt 1899,Bonita Springs,Florida,34135,941-488-9953,773-892-5707,Devpulse,Help Desk Technician
Cassandre,Andreini,candreini1i@google.com,3333 Carey Street,Room 1489,Lincoln,Nebraska,68524,402-457-4418,402-809-9869,Quinu,Analog Circuit Design manager
Wandis,Scrace,wscrace1j@csmonitor.com,7 Lawn Alley,Apt 1685,Burbank,California,91520,818-892-9898,520-551-8974,Skimia,VP Sales
Barri,Maylott,bmaylott1k@theglobeandmail.com,719 Nancy Street,20th Floor,Providence,Rhode Island,2912,401-734-6557,814-961-6142,Flashspan,Programmer III
Duffie,McGauhy,dmcgauhy1l@xing.com,9978 East Court,3rd Floor,Morgantown,West Virginia,26505,304-964-9961,404-139-5855,Agimba,Biostatistician I
Fields,Barr,fbarr1m@i2i.jp,9 Drewry Alley,19th Floor,Staten Island,New York,10310,718-556-5924,765-367-0848,Browsezoom,Graphic Designer
Kermy,Langran,klangran1n@github.io,75 Gulseth Alley,PO Box 71554,Amarillo,Texas,79182,806-287-7099,202-726-0872,Yata,Safety Technician II
Essy,Berthon,eberthon1o@liveinternet.ru,99699 Leroy Place,19th Floor,Washington,District of Columbia,20051,202-783-4646,815-736-7818,Oyope,Help Desk Technician
Creigh,Goodbairn,cgoodbairn1p@springer.com,5 Acker Point,Suite 43,Huntington,West Virginia,25705,304-569-6467,305-426-9211,Jabbercube,Mechanical Systems Engineer
Rudolph,Forge,rforge1q@photobucket.com,6 Grasskamp Plaza,20th Floor,Alexandria,Virginia,22309,202-420-2202,405-490-6184,Skivee,Graphic Designer
Helene,Thomazin,hthomazin1r@bigcartel.com,8756 Nova Way,Apt 467,Ogden,Utah,84409,801-808-3233,316-989-8601,Rhycero,Nurse Practicioner
Fairlie,Piggins,fpiggins1s@mtv.com,1 Eagan Point,Apt 147,Chattanooga,Tennessee,37450,423-457-9134,336-573-1714,Devpulse,Assistant Professor
Annabelle,Geaves,ageaves1t@nih.gov,7 Mendota Circle,Room 1697,Pittsburgh,Pennsylvania,15250,412-454-1664,979-824-8513,Topiclounge,Senior Cost Accountant
Woodrow,Nixon,wnixon1u@photobucket.com,27900 Holmberg Way,10th Floor,Tulsa,Oklahoma,74193,918-455-9229,404-726-7765,Flashspan,Geological Engineer
Katha,Heister,kheister1v@cisco.com,1 Carpenter Park,PO Box 55652,Boulder,Colorado,80328,303-339-3934,207-714-8453,Skalith,Product Engineer
Rodi,Faldoe,rfaldoe1w@gizmodo.com,463 Northwestern Center,Room 1137,Atlanta,Georgia,30380,404-850-6429,713-998-4891,Brightdog,Marketing Manager
Garrett,Spensley,gspensley1x@reverbnation.com,66401 Straubel Drive,Room 270,Lancaster,California,93584,661-450-1251,210-575-6767,Topicblab,Web Designer II
Herminia,Louthe,hlouthe1y@squarespace.com,4147 Elka Parkway,Room 917,Brooklyn,New York,11225,718-847-8422,763-404-3958,Photofeed,Help Desk Technician
Melita,Cummungs,mcummungs1z@icio.us,75073 1st Road,Room 1625,Boise,Idaho,83711,208-960-7261,254-396-6376,Twimbo,Analyst Programmer
Cristabel,Cowpe,ccowpe20@sina.com.cn,50 Sugar Crossing,6th Floor,Milwaukee,Wisconsin,53234,414-953-5149,806-460-4481,Oyope,Human Resources Manager
Billye,Breitling,bbreitling21@etsy.com,969 Dennis Crossing,Room 1855,Atlanta,Georgia,30316,678-868-8957,843-678-6681,Rhyzio,Sales Associate
Kippy,Dionisetto,kdionisetto22@aol.com,22 Tomscot Place,Suite 68,Hollywood,Florida,33028,305-377-6076,626-914-2346,Tagfeed,Operator
Courtnay,Beales,cbeales23@yolasite.com,765 Vermont Crossing,Suite 57,Little Rock,Arkansas,72222,501-359-7584,610-429-3512,Yozio,Registered Nurse
Janeczka,Schlag,jschlag24@twitpic.com,98008 Westridge Point,Suite 87,Springfield,Massachusetts,1114,413-205-5803,586-330-4366,Fivechat,Structural Engineer
Dorie,Giorgielli,dgiorgielli25@umich.edu,2065 Russell Drive,Apt 1831,Honolulu,Hawaii,96840,808-983-2958,914-972-6049,Gabvine,Health Coach II
Margeaux,Malenfant,mmalenfant26@princeton.edu,3627 Center Plaza,Apt 172,Irvine,California,92717,714-330-3476,719-150-0298,Leenti,Assistant Media Planner
Marietta,Balnave,mbalnave27@wix.com,03 Dwight Pass,Room 97,Arlington,Virginia,22217,571-329-4962,719-115-0265,Zoomzone,Research Nurse
Mikel,De Clairmont,mdeclairmont28@desdev.cn,85538 Katie Alley,Apt 793,Garden Grove,California,92645,714-408-9527,909-693-7496,Rhybox,Registered Nurse
Eustace,Carden,ecarden29@dailymail.co.uk,1 Sachs Junction,Apt 1624,Atlanta,Georgia,30301,770-696-7415,251-544-9527,Shufflester,VP Marketing
Bond,MacDearmid,bmacdearmid2a@rakuten.co.jp,41 Eagle Crest Plaza,PO Box 30871,Las Vegas,Nevada,89166,702-202-7234,480-171-2862,Dabshots,Technical Writer
Aurelia,Yashunin,ayashunin2b@pagesperso-orange.fr,3946 Moland Drive,Room 1877,Washington,District of Columbia,20397,202-248-4383,775-781-3537,Tagtune,Health Coach I
Beatrice,Norridge,bnorridge2c@kickstarter.com,5632 West Road,Room 883,Henderson,Nevada,89074,702-726-1116,410-885-7681,Devpoint,Senior Editor
Stephi,Scotchmer,sscotchmer2d@cisco.com,6642 Ilene Drive,Suite 85,Washington,District of Columbia,20540,202-612-2093,704-137-0540,Realfire,Speech Pathologist
Stan,Rosengren,srosengren2e@skype.com,5562 Washington Parkway,10th Floor,Littleton,Colorado,80126,720-211-9283,316-676-5150,Dynabox,Chemical Engineer
Matthus,Knagges,mknagges2f@mozilla.org,13 Caliangt Street,18th Floor,New Orleans,Louisiana,70116,504-213-0734,419-562-9746,Layo,Senior Developer
Ailis,Bathoe,abathoe2g@last.fm,5 Prairie Rose Road,Apt 505,Herndon,Virginia,22070,757-386-5161,412-665-1126,Riffpath,Analyst Programmer
Ivar,Kasting,ikasting2h@joomla.org,7 Pleasure Street,Room 765,Roanoke,Virginia,24024,540-105-6698,480-764-2170,Vinder,Sales Representative
Afton,Kolodziej,akolodziej2i@tiny.cc,711 Johnson Park,Room 1456,Boston,Massachusetts,2208,617-409-3395,410-325-6686,Livepath,Analog Circuit Design manager
Pietro,Danieli,pdanieli2j@vistaprint.com,52614 Oneill Crossing,Room 979,Mesquite,Texas,75185,972-876-3461,515-286-7403,Miboo,Senior Cost Accountant
Dorthea,Alliband,dalliband2k@lycos.com,6013 Vera Alley,PO Box 78595,Omaha,Nebraska,68105,402-418-2187,406-300-9852,JumpXS,Physical Therapy Assistant
Sigvard,Somerton,ssomerton2l@wiley.com,5036 Delaware Parkway,Room 1352,Pompano Beach,Florida,33064,754-201-0094,760-642-5413,Lazz,Quality Control Specialist
Sally,Allenson,sallenson2m@senate.gov,464 Sycamore Point,Room 1283,Baton Rouge,Louisiana,70836,225-775-3306,404-599-6291,Feedfire,Administrative Assistant I
Louella,Espinha,lespinha2n@slideshare.net,4776 Sheridan Pass,11th Floor,York,Pennsylvania,17405,717-664-9892,312-560-1286,Skyvu,Professor
Elinor,Matzel,ematzel2o@google.fr,2850 Blaine Plaza,11th Floor,Little Rock,Arkansas,72209,501-867-8216,804-304-9689,Thoughtmix,VP Accounting
Tonye,Courvert,tcourvert2p@mail.ru,85 Florence Avenue,14th Floor,Seminole,Florida,34642,941-263-9638,540-699-0862,Oozz,Senior Developer
Anselm,Matousek,amatousek2q@archive.org,67 6th Drive,Room 14,Loretto,Minnesota,55598,763-373-5551,304-138-9031,Oyope,Geological Engineer
Noah,Bollini,nbollini2r@omniture.com,2363 Granby Terrace,6th Floor,Van Nuys,California,91499,213-741-5781,770-669-5021,Meembee,Design Engineer
Noelyn,Baly,nbaly2s@usa.gov,9536 Petterle Circle,Apt 527,San Diego,California,92145,619-347-1285,251-950-0024,Yakidoo,Budget/Accounting Analyst III
Holly,Everal,heveral2t@bandcamp.com,38764 Pond Park,PO Box 98915,San Francisco,California,94147,415-814-4132,215-314-1548,LiveZ,Actuary
Eddi,Breukelman,ebreukelman2u@intel.com,420 Glacier Hill Way,PO Box 92364,North Las Vegas,Nevada,89036,702-168-9661,727-429-3295,Innotype,Technical Writer
Myra,Blowfelde,mblowfelde2v@blogger.com,31 Victoria Road,Apt 840,Lubbock,Texas,79410,806-446-3017,512-715-8003,Yambee,Web Developer I
Kellby,Tavner,ktavner2w@mac.com,94949 Melody Avenue,Suite 65,New York City,New York,10039,646-708-1145,682-920-8119,Jaxspan,Cost Accountant
Nanny,Parkhouse,nparkhouse2x@nhs.uk,65419 Monterey Hill,PO Box 16531,Phoenix,Arizona,85020,623-528-5752,504-998-7904,Kanoodle,Compensation Analyst
Berte,Kristof,bkristof2y@hatena.ne.jp,2 Monterey Road,PO Box 87614,Montgomery,Alabama,36177,334-490-3512,813-919-1162,Aivee,Engineer IV
Mira,Challiss,mchalliss2z@scribd.com,4 Hovde Avenue,8th Floor,Washington,District of Columbia,20409,202-321-4009,208-306-8294,Midel,Financial Analyst
Zacharie,Fores,zfores30@microsoft.com,33 Stoughton Crossing,PO Box 14645,Harrisburg,Pennsylvania,17105,717-426-2933,918-656-3443,Latz,Safety Technician I
Inez,Danson,idanson31@dailymail.co.uk,8420 Huxley Pass,PO Box 78773,Madison,Wisconsin,53785,608-715-8303,757-290-4198,Skynoodle,Accountant III
Yovonnda,Pitkeathly,ypitkeathly32@bloglines.com,8 Springs Avenue,Apt 425,Pasadena,California,91125,626-258-7534,504-118-1672,Browsebug,Assistant Manager
Row,Harrington,rharrington33@odnoklassniki.ru,16 Union Terrace,PO Box 94213,Des Moines,Iowa,50315,515-856-8682,706-598-0129,Aibox,Safety Technician I
Catharine,Diggell,cdiggell34@dot.gov,09337 Saint Paul Way,10th Floor,Albuquerque,New Mexico,87180,505-585-5605,918-330-6828,BlogXS,Automation Specialist III
Rikki,Bertomieu,rbertomieu35@narod.ru,9 Alpine Hill,20th Floor,Norwalk,Connecticut,6854,203-801-0738,863-960-0887,Fivebridge,Project Manager
Clea,Ribey,cribey36@odnoklassniki.ru,44 Havey Parkway,Apt 411,Jacksonville,Florida,32220,904-272-3531,251-152-0557,Browsecat,Systems Administrator III
Shauna,Stokell,sstokell37@java.com,83 Hoard Way,Apt 325,Fresno,California,93715,209-700-7426,518-591-6801,Kwimbee,Financial Advisor
Matilda,Stollenbecker,mstollenbecker38@chicagotribune.com,5 Forest Run Plaza,Apt 215,Long Beach,California,90810,562-382-4833,407-540-4516,Muxo,Assistant Media Planner
Debor,Cousin,dcousin39@wiley.com,1699 Park Meadow Court,Room 774,Spartanburg,South Carolina,29319,864-632-7168,917-692-6273,Twimbo,Civil Engineer
Vinnie,Falvey,vfalvey3a@prlog.org,230 Muir Court,Suite 51,Washington,District of Columbia,20046,202-204-9673,562-930-7262,Jabbercube,Administrative Officer
Mariska,Guerri,mguerri3b@infoseek.co.jp,11050 Waywood Lane,Suite 58,Las Vegas,Nevada,89105,702-942-4017,585-283-5465,Jetwire,Biostatistician I
Raynell,Wandtke,rwandtke3c@princeton.edu,97 Golden Leaf Point,Suite 43,Clearwater,Florida,34629,727-491-4190,480-983-6909,Eire,Recruiting Manager
Garold,Warbeys,gwarbeys3d@nba.com,69301 Brickson Park Alley,Suite 5,Jacksonville,Florida,32259,904-551-8822,415-909-0647,Quinu,Help Desk Technician
Garold,Scarff,gscarff3e@deviantart.com,0 Vidon Alley,Room 729,New Orleans,Louisiana,70179,504-728-0591,406-352-7691,Twitternation,Senior Developer
Elie,Kimmings,ekimmings3f@abc.net.au,4 Clove Court,4th Floor,Orange,California,92668,858-923-8923,678-964-6693,Flipbug,Registered Nurse
Reinwald,Stiell,rstiell3g@over-blog.com,0 Lakewood Drive,2nd Floor,Murfreesboro,Tennessee,37131,615-667-5182,502-238-6789,Jabberbean,Senior Developer
Jena,Norrington,jnorrington3h@google.com,46 Bunker Hill Street,Apt 842,Austin,Texas,78783,512-888-2549,251-225-0628,Oba,Account Coordinator
Doti,Murison,dmurison3i@furl.net,47 Fieldstone Way,4th Floor,Norfolk,Virginia,23551,757-420-1758,202-454-2866,Plajo,Media Manager I
Gianna,Took,gtook3j@unblog.fr,82984 Merrick Street,PO Box 72319,New York City,New York,10155,917-125-5128,785-947-7560,Wikizz,Community Outreach Specialist
Nicol,Blackadder,nblackadder3k@wunderground.com,811 Summit Court,Suite 66,Fort Lauderdale,Florida,33325,954-663-0300,919-631-8552,Rhybox,Automation Specialist III
Karolina,Merveille,kmerveille3l@harvard.edu,3509 Weeping Birch Center,Suite 55,Springfield,Illinois,62718,217-101-7224,651-535-7544,Photobug,Geological Engineer
Cally,Goddard,cgoddard3m@reddit.com,29 Oak Valley Crossing,9th Floor,Amarillo,Texas,79188,806-987-8048,609-884-5243,Avaveo,Desktop Support Technician
Gus,Whittick,gwhittick3n@lycos.com,2611 Magdeline Circle,Apt 307,Savannah,Georgia,31410,912-498-5356,937-206-1837,Yadel,Analyst Programmer
Sheilah,Tuther,stuther3o@jimdo.com,26559 Sundown Place,PO Box 46254,Clearwater,Florida,33758,813-225-9744,502-959-6633,Einti,Desktop Support Technician
Valaree,Puzey,vpuzey3p@etsy.com,14951 Kennedy Crossing,13th Floor,Kansas City,Missouri,64144,816-894-9718,202-387-1344,Jabberstorm,Research Nurse
Leticia,Krout,lkrout3q@foxnews.com,65429 Heath Crossing,Suite 16,Wilmington,Delaware,19886,302-444-0184,502-266-8039,Realcube,Administrative Officer
Teena,Trevallion,ttrevallion3r@mtv.com,7 Fordem Way,Suite 2,Buffalo,New York,14205,716-949-9593,914-793-6110,Riffwire,Junior Executive
Merralee,Roger,mroger3s@storify.com,37 Judy Pass,PO Box 63271,Honolulu,Hawaii,96845,808-986-6678,661-198-7758,Meejo,Electrical Engineer
Merci,Eringey,meringey3t@github.com,701 Marquette Road,1st Floor,Rochester,New York,14609,585-195-4781,209-479-1480,Myworks,Software Engineer IV
Malorie,Larrington,mlarrington3u@hugedomains.com,6 Linden Court,Room 1959,Wilmington,North Carolina,28405,910-521-0740,248-913-6384,Wordtune,Structural Engineer
Vite,Scobbie,vscobbie3v@sina.com.cn,0 Bashford Road,12th Floor,Boston,Massachusetts,2203,617-764-0545,209-778-9308,Dynazzy,Financial Analyst
Nara,Yakovich,nyakovich3w@people.com.cn,9 Stephen Court,PO Box 26513,Hayward,California,94544,510-141-8529,281-599-7238,Aivee,Web Developer I
Honoria,Dominique,hdominique3x@liveinternet.ru,46271 Kim Street,PO Box 70610,Portland,Oregon,97221,503-526-5337,610-465-3348,Demivee,Computer Systems Analyst IV
Hashim,Radbone,hradbone3y@netscape.com,9 Monterey Plaza,Apt 340,Raleigh,North Carolina,27635,919-912-7295,202-674-9116,Browsetype,Accountant II
Ezekiel,Mariault,emariault3z@stumbleupon.com,65479 Sutteridge Park,PO Box 22713,Las Vegas,Nevada,89115,702-616-0544,915-902-2389,Zava,Senior Cost Accountant
Edita,Emmet,eemmet40@wikispaces.com,3 Manley Alley,Room 1997,Anchorage,Alaska,99599,907-751-6837,530-793-4710,Jaxnation,Software Test Engineer II
Stacy,Endle,sendle41@jigsy.com,27 Garrison Point,Apt 868,Edmond,Oklahoma,73034,405-590-8348,323-804-4554,Yabox,Physical Therapy Assistant
Rickie,Fydoe,rfydoe42@1688.com,211 Glacier Hill Place,Room 861,Chicago,Illinois,60691,312-565-3562,302-818-2250,Dabtype,Senior Developer
Bethany,Kilfedder,bkilfedder43@pinterest.com,5 Chive Point,14th Floor,Independence,Missouri,64054,816-416-9745,619-132-5632,Realfire,Statistician III
Aland,Ellar,aellar44@gizmodo.com,67 Fordem Parkway,Room 42,Fort Worth,Texas,76121,817-920-9311,513-986-3115,Thoughtstorm,Payment Adjustment Coordinator
Rickert,Wistance,rwistance45@slideshare.net,5627 Golf Lane,18th Floor,Baton Rouge,Louisiana,70805,225-362-9308,404-365-2747,Roomm,Occupational Therapist
Taite,Hearne,thearne46@com.com,69 Dottie Street,Room 999,Ocala,Florida,34479,352-433-6545,914-879-9481,Wikizz,Financial Advisor
Roseline,McComish,rmccomish47@arstechnica.com,092 Springview Crossing,Room 1084,Salt Lake City,Utah,84125,801-368-9299,407-544-7124,Topicware,Professor
Sophi,Fattore,sfattore48@jalbum.net,861 Scott Court,PO Box 48897,Charleston,West Virginia,25313,304-551-8316,315-659-5265,Cogilith,Graphic Designer
Odelinda,Hawson,ohawson49@spotify.com,46962 Forster Terrace,Room 1662,Seminole,Florida,34642,941-528-6217,262-750-3465,Yodo,Help Desk Operator
Kiah,Skittreal,kskittreal4a@sciencedirect.com,898 1st Parkway,PO Box 26993,West Palm Beach,Florida,33421,561-105-8661,904-934-8712,Buzzster,Product Engineer
Stoddard,Jovasevic,sjovasevic4b@dyndns.org,97 Sutteridge Parkway,5th Floor,Washington,District of Columbia,20575,202-822-1181,425-828-1577,Quimm,Help Desk Operator
Zola,Sellstrom,zsellstrom4c@ibm.com,0 Veith Terrace,Apt 1199,San Bernardino,California,92410,909-887-5803,248-847-0981,Talane,Human Resources Assistant III
Demetri,Colledge,dcolledge4d@usda.gov,60 Armistice Avenue,Room 534,Las Vegas,Nevada,89130,702-791-2624,574-281-6657,Twitterbridge,Editor
Magda,Hunnable,mhunnable4e@myspace.com,4 Lawn Trail,Room 1340,Santa Barbara,California,93150,805-494-7213,419-500-7113,Aimbo,Senior Quality Engineer
Olwen,Alphonso,oalphonso4f@amazon.co.jp,0 Kipling Alley,6th Floor,Reading,Pennsylvania,19605,610-128-3586,810-225-6357,Zooveo,Software Engineer IV
Ruthann,Etter,retter4g@wordpress.com,71 Paget Trail,Suite 57,Little Rock,Arkansas,72204,501-505-2239,309-297-0711,Zoomlounge,Editor
Damita,Tatford,dtatford4h@house.gov,36 Lerdahl Road,PO Box 27353,Topeka,Kansas,66611,785-179-9694,323-572-4628,Kaymbo,Executive Secretary
Tucky,Shutt,tshutt4i@yahoo.co.jp,3550 Leroy Drive,PO Box 53783,Round Rock,Texas,78682,512-663-5632,901-686-6625,Bubbletube,Electrical Engineer
Pamella,Dripps,pdripps4j@examiner.com,45081 Randy Alley,Room 280,Toledo,Ohio,43605,419-862-6135,305-204-4135,Skajo,Financial Advisor
Maddy,Jerche,mjerche4k@constantcontact.com,836 Ludington Crossing,15th Floor,Largo,Florida,33777,727-343-6825,785-465-7792,Topdrive,Operator
Warde,Penhall,wpenhall4l@yahoo.com,854 Loftsgordon Center,PO Box 4355,Baton Rouge,Louisiana,70826,225-510-1794,309-675-1176,Ainyx,Account Executive
Molly,Kimbling,mkimbling4m@constantcontact.com,655 Wayridge Way,Room 488,Reston,Virginia,20195,703-233-9888,701-696-0941,Jabbertype,Chief Design Engineer
Rayshell,Clempton,rclempton4n@amazon.com,10 Riverside Terrace,PO Box 82611,Rochester,New York,14683,585-185-6983,208-362-8885,Babblestorm,Food Chemist
Blancha,Vinall,bvinall4o@vimeo.com,0 Sherman Court,13th Floor,Miami,Florida,33134,305-274-0074,203-654-2859,Blogtags,Accountant II
Concordia,De Mattei,cdemattei4p@telegraph.co.uk,89281 Boyd Alley,10th Floor,Pocatello,Idaho,83206,208-199-8475,502-609-9508,InnoZ,Business Systems Development Analyst
Christie,Creagh,ccreagh4q@jiathis.com,31518 Eastlawn Junction,6th Floor,Albuquerque,New Mexico,87110,505-673-4060,267-634-5278,Jamia,Chemical Engineer
Annadiane,Ruler,aruler4r@ezinearticles.com,377 Melody Circle,PO Box 80321,Reading,Pennsylvania,19610,610-818-2414,512-278-1978,Rhynoodle,Database Administrator IV
Saleem,MacIlhargy,smacilhargy4s@ucoz.ru,9813 Bunting Drive,Room 1036,Oklahoma City,Oklahoma,73147,405-774-9979,619-791-5084,Wordware,Analyst Programmer
Cortie,Kynson,ckynson4t@fotki.com,64332 Bayside Pass,Room 1598,Detroit,Michigan,48217,313-150-9765,502-474-6794,Rhybox,Occupational Therapist
Bartlett,Scottrell,bscottrell4u@linkedin.com,46 Delaware Drive,3rd Floor,Boise,Idaho,83716,208-900-6348,303-993-1917,Leexo,Research Assistant IV
Nora,Langrish,nlangrish4v@ning.com,94 Lien Terrace,PO Box 95278,Jefferson City,Missouri,65105,573-812-5940,561-463-3517,Browsebug,Analyst Programmer
Lotta,Leek,lleek4w@networksolutions.com,626 Forest Dale Trail,Room 1760,Sacramento,California,95833,916-513-4629,812-800-1915,Oloo,Research Assistant I
Orran,Atcock,oatcock4x@uiuc.edu,58210 Main Drive,Room 1550,Anniston,Alabama,36205,256-337-6954,330-268-6381,Oyonder,Geological Engineer
Milly,Charville,mcharville4y@discovery.com,427 Banding Junction,Suite 79,Phoenix,Arizona,85045,480-818-9951,562-597-6905,Realpoint,VP Marketing
Merrie,Yearnsley,myearnsley4z@shop-pro.jp,2447 Banding Court,Suite 75,Newton,Massachusetts,2162,508-871-7381,860-209-2251,Buzzbean,Recruiting Manager
Cesare,Gleader,cgleader50@archive.org,6095 Hoffman Hill,PO Box 50546,Sacramento,California,94286,916-663-2432,508-797-7923,Photospace,Budget/Accounting Analyst IV
Merralee,Halliwell,mhalliwell51@flickr.com,50 Hallows Parkway,Room 1910,Las Vegas,Nevada,89193,702-840-6318,607-682-5913,Edgeify,Senior Editor
Hyacinthie,Atkin,hatkin52@slideshare.net,3465 Goodland Center,Suite 44,San Bernardino,California,92410,909-391-5395,318-636-8357,Tagopia,Executive Secretary
Arlina,Serfati,aserfati53@cbc.ca,87620 Transport Terrace,Room 1130,Riverside,California,92505,909-378-2636,814-715-0663,Livefish,Senior Developer
Chas,Stroder,cstroder54@scientificamerican.com,59029 Declaration Circle,PO Box 53933,Baton Rouge,Louisiana,70836,225-233-7638,801-429-5086,Buzzster,Environmental Tech
Krissie,Kundt,kkundt55@princeton.edu,40011 Onsgard Pass,Suite 8,Phoenix,Arizona,85053,602-100-1791,404-169-4985,Jabberbean,Biostatistician IV
Diarmid,Loble,dloble56@washingtonpost.com,3860 Warner Way,PO Box 38283,Rochester,New York,14652,585-667-1054,916-477-1537,Leexo,VP Marketing
Eleanora,Gladdor,egladdor57@yellowbook.com,44 Dennis Street,PO Box 15454,Salt Lake City,Utah,84145,801-507-3036,559-386-9934,Mudo,Assistant Manager
Edeline,Lockitt,elockitt58@wisc.edu,8158 Oxford Drive,PO Box 35521,Columbus,Georgia,31998,706-397-9909,937-460-5204,Podcat,Clinical Specialist
Willard,Jaggli,wjaggli59@blinklist.com,28057 Rutledge Junction,Room 225,Salt Lake City,Utah,84145,801-399-6437,571-767-6765,Youfeed,Software Test Engineer III
Talbert,Lammerts,tlammerts5a@unc.edu,82 Sutherland Parkway,Room 191,Champaign,Illinois,61825,217-899-5292,973-990-3863,Buzzshare,Payment Adjustment Coordinator
Rycca,Cottis,rcottis5b@scribd.com,190 Shelley Way,Room 475,Oklahoma City,Oklahoma,73104,405-804-0649,804-395-3013,Oyope,Recruiting Manager
Hilton,Romagosa,hromagosa5c@sciencedirect.com,69364 Di Loreto Plaza,Apt 1649,Toledo,Ohio,43699,419-107-0834,208-121-3688,Feedspan,Staff Scientist
Hunfredo,Pottinger,hpottinger5d@google.com.au,20 Pankratz Trail,Apt 1219,Littleton,Colorado,80127,720-791-4112,520-305-9174,Wordpedia,Actuary
Bree,Kroin,bkroin5e@wikipedia.org,8 Center Court,Apt 1949,Houston,Texas,77010,832-104-8970,404-200-6967,Livepath,Developer III
Starr,Blakesley,sblakesley5f@hostgator.com,2 Orin Lane,Apt 1323,Seattle,Washington,98104,253-303-0750,325-898-5885,Pixonyx,Budget/Accounting Analyst IV
Arthur,McCurry,amccurry5g@java.com,8849 Mayfield Hill,PO Box 31828,Santa Barbara,California,93111,805-201-8988,901-120-8114,Photobean,Data Coordinator
Benson,Andover,bandover5h@nps.gov,65 Merrick Way,12th Floor,Pittsburgh,Pennsylvania,15235,724-308-2489,305-152-3201,Oyoyo,Automation Specialist I
Milzie,Fearnyough,mfearnyough5i@google.co.uk,89727 Elka Terrace,PO Box 59442,Phoenix,Arizona,85062,602-928-9516,205-282-4008,Yodoo,Recruiting Manager
Francene,Mattys,fmattys5j@freewebs.com,43 Debra Junction,10th Floor,Nashville,Tennessee,37240,615-834-4270,510-895-7014,Kamba,Mechanical Systems Engineer
Shauna,Dodge,sdodge5k@google.it,96287 Towne Way,Room 632,Morgantown,West Virginia,26505,304-672-8078,443-638-8514,Wordtune,Systems Administrator II
Ivy,Robatham,irobatham5l@ca.gov,311 Oriole Crossing,Suite 9,Baltimore,Maryland,21203,410-952-7052,513-244-1712,Eazzy,Account Coordinator
Neal,Liggins,nliggins5m@hugedomains.com,48068 Hooker Junction,Suite 28,Madison,Wisconsin,53705,608-625-0473,914-260-4257,Kazio,Paralegal
Quintina,Wigin,qwigin5n@wsj.com,0 Shopko Place,Suite 52,San Francisco,California,94159,415-119-3746,917-660-0848,Browsecat,VP Quality Control
Verge,Croxley,vcroxley5o@unc.edu,371 Gulseth Trail,Room 1344,Ogden,Utah,84409,801-126-7206,313-132-1314,Rooxo,Programmer Analyst II
Guy,Whatford,gwhatford5p@ifeng.com,414 Northfield Junction,Suite 43,Miami,Florida,33111,786-719-3148,304-752-2260,Izio,VP Quality Control
Garvin,Hatchette,ghatchette5q@jalbum.net,26380 Pine View Trail,PO Box 65142,Phoenix,Arizona,85062,602-264-9520,562-224-4200,Quinu,GIS Technical Architect
Jenni,Oddie,joddie5r@geocities.jp,1005 Oriole Trail,Apt 254,Washington,District of Columbia,20551,202-207-0896,304-355-1482,Feedfish,Social Worker
Warden,Gerssam,wgerssam5s@marketwatch.com,707 Sachs Place,13th Floor,Trenton,New Jersey,8619,609-459-6356,713-392-2050,Livefish,Media Manager II
Demott,Currum,dcurrum5t@51.la,8 Union Drive,PO Box 5537,North Hollywood,California,91616,213-591-5500,502-615-1637,Jamia,Safety Technician III
Haywood,Harroll,hharroll5u@livejournal.com,8796 Sauthoff Point,8th Floor,Baton Rouge,Louisiana,70820,225-170-6326,757-689-3490,Zooxo,Speech Pathologist
Salomo,Bridgestock,sbridgestock5v@i2i.jp,885 Fuller Circle,5th Floor,Long Beach,California,90840,562-536-1151,816-212-7003,Tavu,Data Coordinator
Cam,Mac Geaney,cmacgeaney5w@aol.com,61096 Bay Hill,PO Box 69510,El Paso,Texas,79977,915-931-4867,785-276-3015,Meejo,GIS Technical Architect
Lexy,Barden,lbarden5x@abc.net.au,617 Anderson Avenue,Room 520,Denver,Colorado,80291,303-924-5571,310-981-1623,Youspan,Technical Writer
Edwin,Wishart,ewishart5y@histats.com,46783 Randy Park,Suite 13,Erie,Pennsylvania,16505,814-741-6291,313-131-5914,Eimbee,Marketing Assistant
Mignonne,Myles,mmyles5z@hostgator.com,47014 Towne Parkway,Apt 1274,Louisville,Kentucky,40280,502-544-0124,678-323-7165,Plajo,Structural Engineer
Horatius,Le Floch,hlefloch60@i2i.jp,074 Thackeray Alley,Room 1976,Fresno,California,93740,559-224-8671,970-950-9830,Voonte,General Manager
Adel,Arnatt,aarnatt61@123-reg.co.uk,7922 Clarendon Parkway,Room 55,Raleigh,North Carolina,27626,919-613-6672,770-411-6434,Meedoo,Analyst Programmer
Corella,Branscomb,cbranscomb62@bizjournals.com,8 Holy Cross Lane,Apt 1531,Atlanta,Georgia,31165,404-746-8989,251-695-5510,Bubblemix,Web Designer I
Mathe,Coggell,mcoggell63@upenn.edu,3 Northport Drive,Room 354,Albuquerque,New Mexico,87140,505-282-2761,559-233-5405,Fliptune,Research Assistant III
Vinnie,Muggleston,vmuggleston64@wsj.com,3506 Duke Way,Suite 81,Sioux Falls,South Dakota,57110,605-788-1142,701-841-1338,Dynabox,Assistant Manager
Melisent,Horsell,mhorsell65@feedburner.com,37 Nancy Terrace,Room 1243,Tampa,Florida,33694,813-265-6955,813-621-4189,Zoomlounge,VP Product Management
Hamilton,Pidgeley,hpidgeley66@1688.com,75 Utah Point,Room 60,Saginaw,Michigan,48604,989-792-6527,619-108-8732,Realcube,Operator
Marie-jeanne,Benois,mbenois67@yahoo.com,1281 Florence Circle,Room 733,Austin,Texas,78721,512-159-2290,702-168-4955,Voolia,Pharmacist
